<?xml version="1.0" encoding="UTF-8"?>
<metadata xml:lang="pt"><Esri><CreaDate>20171218</CreaDate><CreaTime>14121500</CreaTime><ArcGISFormat>1.0</ArcGISFormat><SyncOnce>FALSE</SyncOnce><DataProperties><itemProps><itemName Sync="TRUE">AreasUrbanizadas_ConcUrb_total</itemName><imsContentType Sync="TRUE">002</imsContentType><itemSize Sync="TRUE">0.000</itemSize><itemLocation><linkage Sync="TRUE">file://\\Warqprd13v\dgc_acervo_cgeo\PROJETOS_EM_ANDAMENTO\Projeto areas urbanizadas do brasil 2015\AreasUrbanizadas_100k_a_300k\Shapes_AreasUrbanizadas_100k_a_300k\AreasUrbanizadas_ConcUrb_total.shp</linkage><protocol Sync="TRUE">Local Area Network</protocol></itemLocation></itemProps><coordRef><type Sync="TRUE">Geographic</type><geogcsn Sync="TRUE">GCS_SIRGAS_2000</geogcsn><csUnits Sync="TRUE">Angular Unit: Degree (0.017453)</csUnits><peXml Sync="TRUE">&lt;GeographicCoordinateSystem xsi:type='typens:GeographicCoordinateSystem' xmlns:xsi='http://www.w3.org/2001/XMLSchema-instance' xmlns:xs='http://www.w3.org/2001/XMLSchema' xmlns:typens='http://www.esri.com/schemas/ArcGIS/10.3'&gt;&lt;WKT&gt;GEOGCS[&amp;quot;GCS_SIRGAS_2000&amp;quot;,DATUM[&amp;quot;D_SIRGAS_2000&amp;quot;,SPHEROID[&amp;quot;GRS_1980&amp;quot;,6378137.0,298.257222101]],PRIMEM[&amp;quot;Greenwich&amp;quot;,0.0],UNIT[&amp;quot;Degree&amp;quot;,0.0174532925199433],AUTHORITY[&amp;quot;EPSG&amp;quot;,4674]]&lt;/WKT&gt;&lt;XOrigin&gt;-400&lt;/XOrigin&gt;&lt;YOrigin&gt;-400&lt;/YOrigin&gt;&lt;XYScale&gt;11258999068426.238&lt;/XYScale&gt;&lt;ZOrigin&gt;-100000&lt;/ZOrigin&gt;&lt;ZScale&gt;10000&lt;/ZScale&gt;&lt;MOrigin&gt;-100000&lt;/MOrigin&gt;&lt;MScale&gt;10000&lt;/MScale&gt;&lt;XYTolerance&gt;8.9831528411952133e-009&lt;/XYTolerance&gt;&lt;ZTolerance&gt;0.001&lt;/ZTolerance&gt;&lt;MTolerance&gt;0.001&lt;/MTolerance&gt;&lt;HighPrecision&gt;true&lt;/HighPrecision&gt;&lt;LeftLongitude&gt;-180&lt;/LeftLongitude&gt;&lt;WKID&gt;4674&lt;/WKID&gt;&lt;LatestWKID&gt;4674&lt;/LatestWKID&gt;&lt;/GeographicCoordinateSystem&gt;</peXml></coordRef><lineage><Process ToolSource="c:\program files (x86)\arcgis\desktop10.3\ArcToolbox\Toolboxes\Data Management Tools.tbx\CalculateField" Date="20171128" Time="105945">CalculateField AreasUrbanizadas_ConcUrb_total CodConcUrb 1500107 VB #</Process><Process ToolSource="c:\program files (x86)\arcgis\desktop10.3\ArcToolbox\Toolboxes\Data Management Tools.tbx\CalculateField" Date="20171128" Time="110021">CalculateField AreasUrbanizadas_ConcUrb_total NomConcUrb Abaetetuba VB #</Process><Process ToolSource="c:\program files (x86)\arcgis\desktop10.3\ArcToolbox\Toolboxes\Data Management Tools.tbx\CalculateField" Date="20171128" Time="110058">CalculateField AreasUrbanizadas_ConcUrb_total NomConcUrb "Abaetetuba" VB #</Process><Process ToolSource="c:\program files (x86)\arcgis\desktop10.3\ArcToolbox\Toolboxes\Data Management Tools.tbx\CalculateField" Date="20171128" Time="110128">CalculateField AreasUrbanizadas_ConcUrb_total NomConcUrb "Abaetetuba" VB #</Process><Process ToolSource="c:\program files (x86)\arcgis\desktop10.3\ArcToolbox\Toolboxes\Data Management Tools.tbx\CalculateField" Date="20171128" Time="110214">CalculateField AreasUrbanizadas_ConcUrb_total NomConcUrb Abaetetuba VB #</Process><Process ToolSource="c:\program files (x86)\arcgis\desktop10.3\ArcToolbox\Toolboxes\Data Management Tools.tbx\CalculateField" Date="20171128" Time="110339">CalculateField AreasUrbanizadas_ConcUrb_total NomConcUrb Abaetetuba VB #</Process><Process ToolSource="c:\program files (x86)\arcgis\desktop10.3\ArcToolbox\Toolboxes\Data Management Tools.tbx\CalculateField" Date="20171128" Time="110351">CalculateField AreasUrbanizadas_ConcUrb_total NomConcUrb Abaetetuba VB #</Process><Process ToolSource="c:\program files (x86)\arcgis\desktop10.3\ArcToolbox\Toolboxes\Data Management Tools.tbx\CalculateField" Date="20171128" Time="110716">CalculateField AreasUrbanizadas_ConcUrb_total CodConcUrb 2100055 VB #</Process><Process ToolSource="c:\program files (x86)\arcgis\desktop10.3\ArcToolbox\Toolboxes\Data Management Tools.tbx\CalculateField" Date="20171128" Time="111200">CalculateField AreasUrbanizadas_ConcUrb_total CodConcUrb 2900702 VB #</Process><Process ToolSource="c:\program files (x86)\arcgis\desktop10.3\ArcToolbox\Toolboxes\Data Management Tools.tbx\CalculateField" Date="20171128" Time="111612">CalculateField AreasUrbanizadas_ConcUrb_total CodConcUrb 3300100 VB #</Process><Process ToolSource="c:\program files (x86)\arcgis\desktop10.3\ArcToolbox\Toolboxes\Data Management Tools.tbx\CalculateField" Date="20171128" Time="112029">CalculateField AreasUrbanizadas_ConcUrb_total CodConcUrb 4101408 VB #</Process><Process ToolSource="c:\program files (x86)\arcgis\desktop10.3\ArcToolbox\Toolboxes\Data Management Tools.tbx\CalculateField" Date="20171128" Time="112350">CalculateField AreasUrbanizadas_ConcUrb_total CodConcUrb 3502804 VB #</Process><Process ToolSource="c:\program files (x86)\arcgis\desktop10.3\ArcToolbox\Toolboxes\Data Management Tools.tbx\CalculateField" Date="20171128" Time="112515">CalculateField AreasUrbanizadas_ConcUrb_total CodConcUrb 1702109 VB #</Process><Process ToolSource="c:\program files (x86)\arcgis\desktop10.3\ArcToolbox\Toolboxes\Data Management Tools.tbx\CalculateField" Date="20171128" Time="112720">CalculateField AreasUrbanizadas_ConcUrb_total CodConcUrb 3103504 VB #</Process><Process ToolSource="c:\program files (x86)\arcgis\desktop10.3\ArcToolbox\Toolboxes\Data Management Tools.tbx\CalculateField" Date="20171128" Time="112833">CalculateField AreasUrbanizadas_ConcUrb_total CodConcUrb 2700300 VB #</Process><Process ToolSource="c:\program files (x86)\arcgis\desktop10.3\ArcToolbox\Toolboxes\Data Management Tools.tbx\CalculateField" Date="20171128" Time="113237">CalculateField AreasUrbanizadas_ConcUrb_total NomConcUrb "Arapongas" VB #</Process><Process ToolSource="c:\program files (x86)\arcgis\desktop10.3\ArcToolbox\Toolboxes\Data Management Tools.tbx\CalculateField" Date="20171128" Time="113344">CalculateField AreasUrbanizadas_ConcUrb_total CodConcUrb 4101507 VB #</Process><Process ToolSource="c:\program files (x86)\arcgis\desktop10.3\ArcToolbox\Toolboxes\Data Management Tools.tbx\CalculateField" Date="20171128" Time="113445">CalculateField AreasUrbanizadas_ConcUrb_total CodConcUrb 3503208 VB #</Process><Process ToolSource="c:\program files (x86)\arcgis\desktop10.3\ArcToolbox\Toolboxes\Data Management Tools.tbx\CalculateField" Date="20171128" Time="113518">CalculateField AreasUrbanizadas_ConcUrb_total NomConcUrb "Araraquara" VB #</Process><Process ToolSource="c:\program files (x86)\arcgis\desktop10.3\ArcToolbox\Toolboxes\Data Management Tools.tbx\CalculateField" Date="20171128" Time="113926">CalculateField AreasUrbanizadas_ConcUrb_total NomConcUrb "Arapongas" VB #</Process><Process ToolSource="c:\program files (x86)\arcgis\desktop10.3\ArcToolbox\Toolboxes\Data Management Tools.tbx\CalculateField" Date="20171128" Time="113944">CalculateField AreasUrbanizadas_ConcUrb_total CodConcUrb 4101507 VB #</Process><Process ToolSource="c:\program files (x86)\arcgis\desktop10.3\ArcToolbox\Toolboxes\Data Management Tools.tbx\CalculateField" Date="20171128" Time="114033">CalculateField AreasUrbanizadas_ConcUrb_total CodConcUrb 3503208 VB #</Process><Process ToolSource="c:\program files (x86)\arcgis\desktop10.3\ArcToolbox\Toolboxes\Data Management Tools.tbx\CalculateField" Date="20171128" Time="114054">CalculateField AreasUrbanizadas_ConcUrb_total NomConcUrb "Araraquara" VB #</Process><Process ToolSource="c:\program files (x86)\arcgis\desktop10.3\ArcToolbox\Toolboxes\Data Management Tools.tbx\CalculateField" Date="20171128" Time="114139">CalculateField AreasUrbanizadas_ConcUrb_total NomConcUrb "Araras" VB #</Process><Process ToolSource="c:\program files (x86)\arcgis\desktop10.3\ArcToolbox\Toolboxes\Data Management Tools.tbx\CalculateField" Date="20171128" Time="114203">CalculateField AreasUrbanizadas_ConcUrb_total CodConcUrb 3503307 VB #</Process><Process ToolSource="c:\program files (x86)\arcgis\desktop10.3\ArcToolbox\Toolboxes\Data Management Tools.tbx\CalculateField" Date="20171128" Time="114351">CalculateField AreasUrbanizadas_ConcUrb_total NomConcUrb "Araruama" VB #</Process><Process ToolSource="c:\program files (x86)\arcgis\desktop10.3\ArcToolbox\Toolboxes\Data Management Tools.tbx\CalculateField" Date="20171128" Time="114421">CalculateField AreasUrbanizadas_ConcUrb_total CodConcUrb 3300209 VB #</Process><Process ToolSource="c:\program files (x86)\arcgis\desktop10.3\ArcToolbox\Toolboxes\Data Management Tools.tbx\CalculateField" Date="20171128" Time="114519">CalculateField AreasUrbanizadas_ConcUrb_total CodConcUrb 3504107 VB #</Process><Process ToolSource="c:\program files (x86)\arcgis\desktop10.3\ArcToolbox\Toolboxes\Data Management Tools.tbx\CalculateField" Date="20171128" Time="114541">CalculateField AreasUrbanizadas_ConcUrb_total NomConcUrb "Atibaia" VB #</Process><Process ToolSource="c:\program files (x86)\arcgis\desktop10.3\ArcToolbox\Toolboxes\Data Management Tools.tbx\CalculateField" Date="20171128" Time="125146">CalculateField AreasUrbanizadas_ConcUrb_total CodConcUrb 2101202 VB #</Process><Process ToolSource="c:\program files (x86)\arcgis\desktop10.3\ArcToolbox\Toolboxes\Data Management Tools.tbx\CalculateField" Date="20171128" Time="125159">CalculateField AreasUrbanizadas_ConcUrb_total NomConcUrb "Bacabal" VB #</Process><Process ToolSource="c:\program files (x86)\arcgis\desktop10.3\ArcToolbox\Toolboxes\Data Management Tools.tbx\CalculateField" Date="20171128" Time="125225">CalculateField AreasUrbanizadas_ConcUrb_total NomConcUrb "Bagél" VB #</Process><Process ToolSource="c:\program files (x86)\arcgis\desktop10.3\ArcToolbox\Toolboxes\Data Management Tools.tbx\CalculateField" Date="20171128" Time="125237">CalculateField AreasUrbanizadas_ConcUrb_total NomConcUrb "Bagé" VB #</Process><Process ToolSource="c:\program files (x86)\arcgis\desktop10.3\ArcToolbox\Toolboxes\Data Management Tools.tbx\CalculateField" Date="20171128" Time="125254">CalculateField AreasUrbanizadas_ConcUrb_total CodConcUrb 4301602 VB #</Process><Process ToolSource="c:\program files (x86)\arcgis\desktop10.3\ArcToolbox\Toolboxes\Data Management Tools.tbx\CalculateField" Date="20171128" Time="125443">CalculateField AreasUrbanizadas_ConcUrb_total CodConcUrb 3105608 VB #</Process><Process ToolSource="c:\program files (x86)\arcgis\desktop10.3\ArcToolbox\Toolboxes\Data Management Tools.tbx\CalculateField" Date="20171128" Time="125504">CalculateField AreasUrbanizadas_ConcUrb_total NomConcUrb "Barbacena" VB #</Process><Process ToolSource="c:\program files (x86)\arcgis\desktop10.3\ArcToolbox\Toolboxes\Data Management Tools.tbx\CalculateField" Date="20171128" Time="125533">CalculateField AreasUrbanizadas_ConcUrb_total NomConcUrb "Barreiras" VB #</Process><Process ToolSource="c:\program files (x86)\arcgis\desktop10.3\ArcToolbox\Toolboxes\Data Management Tools.tbx\CalculateField" Date="20171128" Time="125551">CalculateField AreasUrbanizadas_ConcUrb_total CodConcUrb 2903201 VB #</Process><Process ToolSource="c:\program files (x86)\arcgis\desktop10.3\ArcToolbox\Toolboxes\Data Management Tools.tbx\CalculateField" Date="20171128" Time="125620">CalculateField AreasUrbanizadas_ConcUrb_total CodConcUrb 3505500 VB #</Process><Process ToolSource="c:\program files (x86)\arcgis\desktop10.3\ArcToolbox\Toolboxes\Data Management Tools.tbx\CalculateField" Date="20171128" Time="125632">CalculateField AreasUrbanizadas_ConcUrb_total NomConcUrb "Barretos" VB #</Process><Process ToolSource="c:\program files (x86)\arcgis\desktop10.3\ArcToolbox\Toolboxes\Data Management Tools.tbx\CalculateField" Date="20171128" Time="125726">CalculateField AreasUrbanizadas_ConcUrb_total NomConcUrb "Bento Gonçalves" VB #</Process><Process ToolSource="c:\program files (x86)\arcgis\desktop10.3\ArcToolbox\Toolboxes\Data Management Tools.tbx\CalculateField" Date="20171128" Time="125742">CalculateField AreasUrbanizadas_ConcUrb_total CodConcUrb 4302105 VB #</Process><Process ToolSource="c:\program files (x86)\arcgis\desktop10.3\ArcToolbox\Toolboxes\Data Management Tools.tbx\CalculateField" Date="20171128" Time="125838">CalculateField AreasUrbanizadas_ConcUrb_total CodConcUrb 3506508 VB #</Process><Process ToolSource="c:\program files (x86)\arcgis\desktop10.3\ArcToolbox\Toolboxes\Data Management Tools.tbx\CalculateField" Date="20171128" Time="125847">CalculateField AreasUrbanizadas_ConcUrb_total NomConcUrb "Birigui" VB #</Process><Process ToolSource="c:\program files (x86)\arcgis\desktop10.3\ArcToolbox\Toolboxes\Data Management Tools.tbx\CalculateField" Date="20171128" Time="130005">CalculateField AreasUrbanizadas_ConcUrb_total NomConcUrb "Botucatu" VB #</Process><Process ToolSource="c:\program files (x86)\arcgis\desktop10.3\ArcToolbox\Toolboxes\Data Management Tools.tbx\CalculateField" Date="20171128" Time="130018">CalculateField AreasUrbanizadas_ConcUrb_total CodConcUrb 3507506 VB #</Process><Process ToolSource="c:\program files (x86)\arcgis\desktop10.3\ArcToolbox\Toolboxes\Data Management Tools.tbx\CalculateField" Date="20171128" Time="130051">CalculateField AreasUrbanizadas_ConcUrb_total CodConcUrb 1501709 VB #</Process><Process ToolSource="c:\program files (x86)\arcgis\desktop10.3\ArcToolbox\Toolboxes\Data Management Tools.tbx\CalculateField" Date="20171128" Time="130117">CalculateField AreasUrbanizadas_ConcUrb_total NomConcUrb "Bragança" VB #</Process><Process ToolSource="c:\program files (x86)\arcgis\desktop10.3\ArcToolbox\Toolboxes\Data Management Tools.tbx\CalculateField" Date="20171128" Time="130253">CalculateField AreasUrbanizadas_ConcUrb_total NomConcUrb "Bragança Paulista" VB #</Process><Process ToolSource="c:\program files (x86)\arcgis\desktop10.3\ArcToolbox\Toolboxes\Data Management Tools.tbx\CalculateField" Date="20171128" Time="130619">CalculateField AreasUrbanizadas_ConcUrb_total CodConcUrb 3507605 VB #</Process><Process ToolSource="c:\program files (x86)\arcgis\desktop10.3\ArcToolbox\Toolboxes\Data Management Tools.tbx\CalculateField" Date="20171128" Time="140916">CalculateField AreasUrbanizadas_ConcUrb_total CodConcUrb 4202909 VB #</Process><Process ToolSource="c:\program files (x86)\arcgis\desktop10.3\ArcToolbox\Toolboxes\Data Management Tools.tbx\CalculateField" Date="20171128" Time="140934">CalculateField AreasUrbanizadas_ConcUrb_total NomConcUrb "Brusque" VB #</Process><Process ToolSource="c:\program files (x86)\arcgis\desktop10.3\ArcToolbox\Toolboxes\Data Management Tools.tbx\CalculateField" Date="20171128" Time="141153">CalculateField AreasUrbanizadas_ConcUrb_total NomConcUrb "Cachoeiro de Itapemirim" VB #</Process><Process ToolSource="c:\program files (x86)\arcgis\desktop10.3\ArcToolbox\Toolboxes\Data Management Tools.tbx\CalculateField" Date="20171128" Time="141207">CalculateField AreasUrbanizadas_ConcUrb_total CodConcUrb 3201209 VB #</Process><Process ToolSource="c:\program files (x86)\arcgis\desktop10.3\ArcToolbox\Toolboxes\Data Management Tools.tbx\CalculateField" Date="20171128" Time="141621">CalculateField AreasUrbanizadas_ConcUrb_total NomConcUrb "Cametá" VB #</Process><Process ToolSource="c:\program files (x86)\arcgis\desktop10.3\ArcToolbox\Toolboxes\Data Management Tools.tbx\CalculateField" Date="20171128" Time="141643">CalculateField AreasUrbanizadas_ConcUrb_total CodConcUrb 1502103 VB #</Process><Process ToolSource="c:\program files (x86)\arcgis\desktop10.3\ArcToolbox\Toolboxes\Data Management Tools.tbx\CalculateField" Date="20171128" Time="142313">CalculateField AreasUrbanizadas_ConcUrb_total NomConcUrb "Caraguatatuba/Ubatuba" VB #</Process><Process ToolSource="c:\program files (x86)\arcgis\desktop10.3\ArcToolbox\Toolboxes\Data Management Tools.tbx\CalculateField" Date="20171128" Time="142328">CalculateField AreasUrbanizadas_ConcUrb_total CodConcUrb 3510500 VB #</Process><Process ToolSource="c:\program files (x86)\arcgis\desktop10.3\ArcToolbox\Toolboxes\Data Management Tools.tbx\CalculateField" Date="20171128" Time="142429">CalculateField AreasUrbanizadas_ConcUrb_total NomConcUrb "Cascavel" VB #</Process><Process ToolSource="c:\program files (x86)\arcgis\desktop10.3\ArcToolbox\Toolboxes\Data Management Tools.tbx\CalculateField" Date="20171128" Time="142442">CalculateField AreasUrbanizadas_ConcUrb_total CodConcUrb 4104808 VB #</Process><Process ToolSource="c:\program files (x86)\arcgis\desktop10.3\ArcToolbox\Toolboxes\Data Management Tools.tbx\CalculateField" Date="20171128" Time="142550">CalculateField AreasUrbanizadas_ConcUrb_total NomConcUrb "Castanhal" VB #</Process><Process ToolSource="c:\program files (x86)\arcgis\desktop10.3\ArcToolbox\Toolboxes\Data Management Tools.tbx\CalculateField" Date="20171128" Time="142607">CalculateField AreasUrbanizadas_ConcUrb_total CodConcUrb 1502400 VB #</Process><Process ToolSource="c:\program files (x86)\arcgis\desktop10.3\ArcToolbox\Toolboxes\Data Management Tools.tbx\CalculateField" Date="20171128" Time="142931">CalculateField AreasUrbanizadas_ConcUrb_total NomConcUrb "Catalão" VB #</Process><Process ToolSource="c:\program files (x86)\arcgis\desktop10.3\ArcToolbox\Toolboxes\Data Management Tools.tbx\CalculateField" Date="20171128" Time="142944">CalculateField AreasUrbanizadas_ConcUrb_total CodConcUrb 5205109 VB #</Process><Process ToolSource="c:\program files (x86)\arcgis\desktop10.3\ArcToolbox\Toolboxes\Data Management Tools.tbx\CalculateField" Date="20171128" Time="143012">CalculateField AreasUrbanizadas_ConcUrb_total CodConcUrb 3511102 VB #</Process><Process ToolSource="c:\program files (x86)\arcgis\desktop10.3\ArcToolbox\Toolboxes\Data Management Tools.tbx\CalculateField" Date="20171128" Time="143029">CalculateField AreasUrbanizadas_ConcUrb_total NomConcUrb "Catanduva" VB #</Process><Process ToolSource="c:\program files (x86)\arcgis\desktop10.3\ArcToolbox\Toolboxes\Data Management Tools.tbx\CalculateField" Date="20171128" Time="143103">CalculateField AreasUrbanizadas_ConcUrb_total NomConcUrb "Caxias" VB #</Process><Process ToolSource="c:\program files (x86)\arcgis\desktop10.3\ArcToolbox\Toolboxes\Data Management Tools.tbx\CalculateField" Date="20171128" Time="143137">CalculateField AreasUrbanizadas_ConcUrb_total CodConcUrb 2103000 VB #</Process><Process ToolSource="c:\program files (x86)\arcgis\desktop10.3\ArcToolbox\Toolboxes\Data Management Tools.tbx\CalculateField" Date="20171128" Time="143209">CalculateField AreasUrbanizadas_ConcUrb_total CodConcUrb 4204202 VB #</Process><Process ToolSource="c:\program files (x86)\arcgis\desktop10.3\ArcToolbox\Toolboxes\Data Management Tools.tbx\CalculateField" Date="20171128" Time="143254">CalculateField AreasUrbanizadas_ConcUrb_total NomConcUrb "Chapecó" VB #</Process><Process ToolSource="c:\program files (x86)\arcgis\desktop10.3\ArcToolbox\Toolboxes\Data Management Tools.tbx\CalculateField" Date="20171128" Time="143355">CalculateField AreasUrbanizadas_ConcUrb_total NomConcUrb "Codó" VB #</Process><Process ToolSource="c:\program files (x86)\arcgis\desktop10.3\ArcToolbox\Toolboxes\Data Management Tools.tbx\CalculateField" Date="20171128" Time="143410">CalculateField AreasUrbanizadas_ConcUrb_total CodConcUrb 2103307 VB #</Process><Process ToolSource="c:\program files (x86)\arcgis\desktop10.3\ArcToolbox\Toolboxes\Data Management Tools.tbx\CalculateField" Date="20171128" Time="143446">CalculateField AreasUrbanizadas_ConcUrb_total NomConcUrb "Colatina" VB #</Process><Process ToolSource="c:\program files (x86)\arcgis\desktop10.3\ArcToolbox\Toolboxes\Data Management Tools.tbx\CalculateField" Date="20171128" Time="143501">CalculateField AreasUrbanizadas_ConcUrb_total CodConcUrb 3201506 VB #</Process><Process ToolSource="c:\program files (x86)\arcgis\desktop10.3\ArcToolbox\Toolboxes\Data Management Tools.tbx\CalculateField" Date="20171128" Time="143538">CalculateField AreasUrbanizadas_ConcUrb_total NomConcUrb "Conselheiro Lafaiete" VB #</Process><Process ToolSource="c:\program files (x86)\arcgis\desktop10.3\ArcToolbox\Toolboxes\Data Management Tools.tbx\CalculateField" Date="20171128" Time="143558">CalculateField AreasUrbanizadas_ConcUrb_total CodConcUrb 3118304 VB #</Process><Process ToolSource="c:\program files (x86)\arcgis\desktop10.3\ArcToolbox\Toolboxes\Data Management Tools.tbx\CalculateField" Date="20171128" Time="152213">CalculateField AreasUrbanizadas_ConcUrb_total NomConcUrb "Divinópolis" VB #</Process><Process ToolSource="c:\program files (x86)\arcgis\desktop10.3\ArcToolbox\Toolboxes\Data Management Tools.tbx\CalculateField" Date="20171128" Time="152226">CalculateField AreasUrbanizadas_ConcUrb_total CodConcUrb 3122306 VB #</Process><Process ToolSource="c:\program files (x86)\arcgis\desktop10.3\ArcToolbox\Toolboxes\Data Management Tools.tbx\CalculateField" Date="20171128" Time="152333">CalculateField AreasUrbanizadas_ConcUrb_total CodConcUrb 5003702 VB #</Process><Process ToolSource="c:\program files (x86)\arcgis\desktop10.3\ArcToolbox\Toolboxes\Data Management Tools.tbx\CalculateField" Date="20171128" Time="152348">CalculateField AreasUrbanizadas_ConcUrb_total NomConcUrb Dourados VB #</Process><Process ToolSource="c:\program files (x86)\arcgis\desktop10.3\ArcToolbox\Toolboxes\Data Management Tools.tbx\CalculateField" Date="20171128" Time="152357">CalculateField AreasUrbanizadas_ConcUrb_total NomConcUrb "Dourados" VB #</Process><Process ToolSource="c:\program files (x86)\arcgis\desktop10.3\ArcToolbox\Toolboxes\Data Management Tools.tbx\CalculateField" Date="20171128" Time="152438">CalculateField AreasUrbanizadas_ConcUrb_total NomConcUrb "Eunápolis" VB #</Process><Process ToolSource="c:\program files (x86)\arcgis\desktop10.3\ArcToolbox\Toolboxes\Data Management Tools.tbx\CalculateField" Date="20171128" Time="152453">CalculateField AreasUrbanizadas_ConcUrb_total CodConcUrb 2910727 VB #</Process><Process ToolSource="c:\program files (x86)\arcgis\desktop10.3\ArcToolbox\Toolboxes\Data Management Tools.tbx\CalculateField" Date="20171128" Time="152527">CalculateField AreasUrbanizadas_ConcUrb_total NomConcUrb "Formosa" VB #</Process><Process ToolSource="c:\program files (x86)\arcgis\desktop10.3\ArcToolbox\Toolboxes\Data Management Tools.tbx\CalculateField" Date="20171128" Time="152604">CalculateField AreasUrbanizadas_ConcUrb_total CodConcUrb 5208004 VB #</Process><Process ToolSource="c:\program files (x86)\arcgis\desktop10.3\ArcToolbox\Toolboxes\Data Management Tools.tbx\CalculateField" Date="20171128" Time="152644">CalculateField AreasUrbanizadas_ConcUrb_total NomConcUrb "Garanhuns" VB #</Process><Process ToolSource="c:\program files (x86)\arcgis\desktop10.3\ArcToolbox\Toolboxes\Data Management Tools.tbx\CalculateField" Date="20171128" Time="152656">CalculateField AreasUrbanizadas_ConcUrb_total CodConcUrb 2606002 VB #</Process><Process ToolSource="c:\program files (x86)\arcgis\desktop10.3\ArcToolbox\Toolboxes\Data Management Tools.tbx\CalculateField" Date="20171128" Time="152725">CalculateField AreasUrbanizadas_ConcUrb_total CodConcUrb 3127701 VB #</Process><Process ToolSource="c:\program files (x86)\arcgis\desktop10.3\ArcToolbox\Toolboxes\Data Management Tools.tbx\CalculateField" Date="20171128" Time="152741">CalculateField AreasUrbanizadas_ConcUrb_total NomConcUrb "Governador Valadares" VB #</Process><Process ToolSource="c:\program files (x86)\arcgis\desktop10.3\ArcToolbox\Toolboxes\Data Management Tools.tbx\CalculateField" Date="20171128" Time="152810">CalculateField AreasUrbanizadas_ConcUrb_total NomConcUrb "Guarapari" VB #</Process><Process ToolSource="c:\program files (x86)\arcgis\desktop10.3\ArcToolbox\Toolboxes\Data Management Tools.tbx\CalculateField" Date="20171128" Time="152822">CalculateField AreasUrbanizadas_ConcUrb_total CodConcUrb 3202405 VB #</Process><Process ToolSource="c:\program files (x86)\arcgis\desktop10.3\ArcToolbox\Toolboxes\Data Management Tools.tbx\CalculateField" Date="20171128" Time="153521">CalculateField AreasUrbanizadas_ConcUrb_total NomConcUrb "Guarapuava" VB #</Process><Process ToolSource="c:\program files (x86)\arcgis\desktop10.3\ArcToolbox\Toolboxes\Data Management Tools.tbx\CalculateField" Date="20171128" Time="153536">CalculateField AreasUrbanizadas_ConcUrb_total CodConcUrb 4109401 VB #</Process><Process ToolSource="c:\program files (x86)\arcgis\desktop10.3\ArcToolbox\Toolboxes\Data Management Tools.tbx\CalculateField" Date="20171128" Time="153605">CalculateField AreasUrbanizadas_ConcUrb_total CodConcUrb 3518404 VB #</Process><Process ToolSource="c:\program files (x86)\arcgis\desktop10.3\ArcToolbox\Toolboxes\Data Management Tools.tbx\CalculateField" Date="20171128" Time="153622">CalculateField AreasUrbanizadas_ConcUrb_total NomConcUrb "Guaratinguetá" VB #</Process><Process ToolSource="c:\program files (x86)\arcgis\desktop10.3\ArcToolbox\Toolboxes\Data Management Tools.tbx\CalculateField" Date="20171128" Time="154231">CalculateField AreasUrbanizadas_ConcUrb_total NomConcUrb "Ilhéus" VB #</Process><Process ToolSource="c:\program files (x86)\arcgis\desktop10.3\ArcToolbox\Toolboxes\Data Management Tools.tbx\CalculateField" Date="20171128" Time="154246">CalculateField AreasUrbanizadas_ConcUrb_total CodConcUrb 2913606 VB #</Process><Process ToolSource="c:\program files (x86)\arcgis\desktop10.3\ArcToolbox\Toolboxes\Data Management Tools.tbx\CalculateField" Date="20171128" Time="154454">CalculateField AreasUrbanizadas_ConcUrb_total NomConcUrb "Imperatriz/MA" VB #</Process><Process ToolSource="c:\program files (x86)\arcgis\desktop10.3\ArcToolbox\Toolboxes\Data Management Tools.tbx\CalculateField" Date="20171128" Time="154507">CalculateField AreasUrbanizadas_ConcUrb_total CodConcUrb 2105302 VB #</Process><Process ToolSource="c:\program files (x86)\arcgis\desktop10.3\ArcToolbox\Toolboxes\Data Management Tools.tbx\CalculateField" Date="20171128" Time="154603">CalculateField AreasUrbanizadas_ConcUrb_total NomConcUrb "Indaiatuba" VB #</Process><Process ToolSource="c:\program files (x86)\arcgis\desktop10.3\ArcToolbox\Toolboxes\Data Management Tools.tbx\CalculateField" Date="20171128" Time="154732">CalculateField AreasUrbanizadas_ConcUrb_total CodConcUrb 2105302 VB #</Process><Process ToolSource="c:\program files (x86)\arcgis\desktop10.3\ArcToolbox\Toolboxes\Data Management Tools.tbx\CalculateField" Date="20171128" Time="154834">CalculateField AreasUrbanizadas_ConcUrb_total NomConcUrb Indaiatuba VB #</Process><Process ToolSource="c:\program files (x86)\arcgis\desktop10.3\ArcToolbox\Toolboxes\Data Management Tools.tbx\CalculateField" Date="20171128" Time="154848">CalculateField AreasUrbanizadas_ConcUrb_total NomConcUrb "Indaiatuba" VB #</Process><Process ToolSource="c:\program files (x86)\arcgis\desktop10.3\ArcToolbox\Toolboxes\Data Management Tools.tbx\CalculateField" Date="20171128" Time="154902">CalculateField AreasUrbanizadas_ConcUrb_total CodConcUrb 3520509 VB #</Process><Process ToolSource="c:\program files (x86)\arcgis\desktop10.3\ArcToolbox\Toolboxes\Data Management Tools.tbx\CalculateField" Date="20171128" Time="154956">CalculateField AreasUrbanizadas_ConcUrb_total NomConcUrb "Internacional de Corumbá/Brasil" VB #</Process><Process ToolSource="c:\program files (x86)\arcgis\desktop10.3\ArcToolbox\Toolboxes\Data Management Tools.tbx\CalculateField" Date="20171128" Time="155016">CalculateField AreasUrbanizadas_ConcUrb_total CodConcUrb 5003207 VB #</Process><Process ToolSource="c:\program files (x86)\arcgis\desktop10.3\ArcToolbox\Toolboxes\Data Management Tools.tbx\CalculateField" Date="20171128" Time="155205">CalculateField AreasUrbanizadas_ConcUrb_total NomConcUrb "Internacional de Pedro Juan Caballero/Paraguai - Ponta Porã/Brasil" VB #</Process><Process ToolSource="c:\program files (x86)\arcgis\desktop10.3\ArcToolbox\Toolboxes\Data Management Tools.tbx\CalculateField" Date="20171128" Time="155238">CalculateField AreasUrbanizadas_ConcUrb_total NomConcUrb "Internacional de Pedro Juan Caballero/Paraguai-Ponta Porã/Brasil" VB #</Process><Process ToolSource="c:\program files (x86)\arcgis\desktop10.3\ArcToolbox\Toolboxes\Data Management Tools.tbx\CalculateField" Date="20171128" Time="155347">CalculateField AreasUrbanizadas_ConcUrb_total NomConcUrb "Internacional de Pedro Juan Caballero/Paraguai-Ponta Porã" VB #</Process><Process ToolSource="c:\program files (x86)\arcgis\desktop10.3\ArcToolbox\Toolboxes\Data Management Tools.tbx\CalculateField" Date="20171128" Time="155529">CalculateField AreasUrbanizadas_ConcUrb_total NomConcUrb "Pedro Juan Caballero/PAR_Ponta Porã/BR" VB #</Process><Process ToolSource="c:\program files (x86)\arcgis\desktop10.3\ArcToolbox\Toolboxes\Data Management Tools.tbx\CalculateField" Date="20171128" Time="155805">CalculateField AreasUrbanizadas_ConcUrb_total CodConcUrb 5006606 VB #</Process><Process ToolSource="c:\program files (x86)\arcgis\desktop10.3\ArcToolbox\Toolboxes\Data Management Tools.tbx\CalculateField" Date="20171128" Time="160047">CalculateField AreasUrbanizadas_ConcUrb_total NomConcUrb ""Sant'Ana do Livramento/Brasil - Rivera/Uruguai"" VB #</Process><Process ToolSource="c:\program files (x86)\arcgis\desktop10.3\ArcToolbox\Toolboxes\Data Management Tools.tbx\CalculateField" Date="20171128" Time="160102">CalculateField AreasUrbanizadas_ConcUrb_total CodConcUrb 4317103 VB #</Process><Process ToolSource="c:\program files (x86)\arcgis\desktop10.3\ArcToolbox\Toolboxes\Data Management Tools.tbx\CalculateField" Date="20171128" Time="160133">CalculateField AreasUrbanizadas_ConcUrb_total NomConcUrb "Internacional de Uruguaiana/Brasil" VB #</Process><Process ToolSource="c:\program files (x86)\arcgis\desktop10.3\ArcToolbox\Toolboxes\Data Management Tools.tbx\CalculateField" Date="20171128" Time="160145">CalculateField AreasUrbanizadas_ConcUrb_total CodConcUrb 4322400 VB #</Process><Process ToolSource="c:\program files (x86)\arcgis\desktop10.3\ArcToolbox\Toolboxes\Data Management Tools.tbx\CalculateField" Date="20171128" Time="160226">CalculateField AreasUrbanizadas_ConcUrb_total NomConcUrb "Itabira" VB #</Process><Process ToolSource="c:\program files (x86)\arcgis\desktop10.3\ArcToolbox\Toolboxes\Data Management Tools.tbx\CalculateField" Date="20171128" Time="160239">CalculateField AreasUrbanizadas_ConcUrb_total CodConcUrb 3131703 VB #</Process><Process ToolSource="c:\program files (x86)\arcgis\desktop10.3\ArcToolbox\Toolboxes\Data Management Tools.tbx\CalculateField" Date="20171128" Time="160313">CalculateField AreasUrbanizadas_ConcUrb_total NomConcUrb "Itabuna" VB #</Process><Process ToolSource="c:\program files (x86)\arcgis\desktop10.3\ArcToolbox\Toolboxes\Data Management Tools.tbx\CalculateField" Date="20171128" Time="160330">CalculateField AreasUrbanizadas_ConcUrb_total CodConcUrb 2914802 VB #</Process><Process ToolSource="c:\program files (x86)\arcgis\desktop10.3\ArcToolbox\Toolboxes\Data Management Tools.tbx\CalculateField" Date="20171128" Time="160404">CalculateField AreasUrbanizadas_ConcUrb_total CodConcUrb 3132404 VB #</Process><Process ToolSource="c:\program files (x86)\arcgis\desktop10.3\ArcToolbox\Toolboxes\Data Management Tools.tbx\CalculateField" Date="20171128" Time="160421">CalculateField AreasUrbanizadas_ConcUrb_total NomConcUrb "Itajubá" VB #</Process><Process ToolSource="c:\program files (x86)\arcgis\desktop10.3\ArcToolbox\Toolboxes\Data Management Tools.tbx\CalculateField" Date="20171128" Time="160504">CalculateField AreasUrbanizadas_ConcUrb_total NomConcUrb "Itapetininga" VB #</Process><Process ToolSource="c:\program files (x86)\arcgis\desktop10.3\ArcToolbox\Toolboxes\Data Management Tools.tbx\CalculateField" Date="20171128" Time="160514">CalculateField AreasUrbanizadas_ConcUrb_total CodConcUrb 3522307 VB #</Process><Process ToolSource="c:\program files (x86)\arcgis\desktop10.3\ArcToolbox\Toolboxes\Data Management Tools.tbx\CalculateField" Date="20171128" Time="160542">CalculateField AreasUrbanizadas_ConcUrb_total CodConcUrb 2306405 VB #</Process><Process ToolSource="c:\program files (x86)\arcgis\desktop10.3\ArcToolbox\Toolboxes\Data Management Tools.tbx\CalculateField" Date="20171128" Time="160556">CalculateField AreasUrbanizadas_ConcUrb_total NomConcUrb "Itapipoca" VB #</Process><Process ToolSource="c:\program files (x86)\arcgis\desktop10.3\ArcToolbox\Toolboxes\Data Management Tools.tbx\CalculateField" Date="20171128" Time="160638">CalculateField AreasUrbanizadas_ConcUrb_total NomConcUrb "Itatiba" VB #</Process><Process ToolSource="c:\program files (x86)\arcgis\desktop10.3\ArcToolbox\Toolboxes\Data Management Tools.tbx\CalculateField" Date="20171128" Time="160650">CalculateField AreasUrbanizadas_ConcUrb_total CodConcUrb 3523404 VB #</Process><Process ToolSource="c:\program files (x86)\arcgis\desktop10.3\ArcToolbox\Toolboxes\Data Management Tools.tbx\CalculateField" Date="20171128" Time="160823">CalculateField AreasUrbanizadas_ConcUrb_total NomConcUrb "Itu/Salto" VB #</Process><Process ToolSource="c:\program files (x86)\arcgis\desktop10.3\ArcToolbox\Toolboxes\Data Management Tools.tbx\CalculateField" Date="20171128" Time="160843">CalculateField AreasUrbanizadas_ConcUrb_total CodConcUrb 3523909 VB #</Process><Process ToolSource="c:\program files (x86)\arcgis\desktop10.3\ArcToolbox\Toolboxes\Data Management Tools.tbx\CalculateField" Date="20171128" Time="161300">CalculateField AreasUrbanizadas_ConcUrb_total NomConcUrb "Jaraguá do Sul" VB #</Process><Process ToolSource="c:\program files (x86)\arcgis\desktop10.3\ArcToolbox\Toolboxes\Data Management Tools.tbx\CalculateField" Date="20171128" Time="161313">CalculateField AreasUrbanizadas_ConcUrb_total CodConcUrb 4208906 VB #</Process><Process ToolSource="c:\program files (x86)\arcgis\desktop10.3\ArcToolbox\Toolboxes\Data Management Tools.tbx\CalculateField" Date="20171128" Time="161425">CalculateField AreasUrbanizadas_ConcUrb_total NomConcUrb "Jaú" VB #</Process><Process ToolSource="c:\program files (x86)\arcgis\desktop10.3\ArcToolbox\Toolboxes\Data Management Tools.tbx\CalculateField" Date="20171128" Time="161437">CalculateField AreasUrbanizadas_ConcUrb_total CodConcUrb 3525300 VB #</Process><Process ToolSource="c:\program files (x86)\arcgis\desktop10.3\ArcToolbox\Toolboxes\Data Management Tools.tbx\CalculateField" Date="20171128" Time="161500">CalculateField AreasUrbanizadas_ConcUrb_total CodConcUrb 2918001 VB #</Process><Process ToolSource="c:\program files (x86)\arcgis\desktop10.3\ArcToolbox\Toolboxes\Data Management Tools.tbx\CalculateField" Date="20171128" Time="161559">CalculateField AreasUrbanizadas_ConcUrb_total NomConcUrb "Ji-Paraná" VB #</Process><Process ToolSource="c:\program files (x86)\arcgis\desktop10.3\ArcToolbox\Toolboxes\Data Management Tools.tbx\CalculateField" Date="20171128" Time="161654">CalculateField AreasUrbanizadas_ConcUrb_total NomConcUrb "Lages" VB #</Process><Process ToolSource="c:\program files (x86)\arcgis\desktop10.3\ArcToolbox\Toolboxes\Data Management Tools.tbx\CalculateField" Date="20171128" Time="161716">CalculateField AreasUrbanizadas_ConcUrb_total NomConcUrb "Lajeado" VB #</Process><Process ToolSource="c:\program files (x86)\arcgis\desktop10.3\ArcToolbox\Toolboxes\Data Management Tools.tbx\CalculateField" Date="20171128" Time="161825">CalculateField AreasUrbanizadas_ConcUrb_total NomConcUrb "Lavras" VB #</Process><Process ToolSource="c:\program files (x86)\arcgis\desktop10.3\ArcToolbox\Toolboxes\Data Management Tools.tbx\CalculateField" Date="20171128" Time="161854">CalculateField AreasUrbanizadas_ConcUrb_total NomConcUrb "Limeira" VB #</Process><Process ToolSource="c:\program files (x86)\arcgis\desktop10.3\ArcToolbox\Toolboxes\Data Management Tools.tbx\CalculateField" Date="20171128" Time="161935">CalculateField AreasUrbanizadas_ConcUrb_total NomConcUrb "Linhares" VB #</Process><Process ToolSource="c:\program files (x86)\arcgis\desktop10.3\ArcToolbox\Toolboxes\Data Management Tools.tbx\CalculateField" Date="20171128" Time="162035">CalculateField AreasUrbanizadas_ConcUrb_total NomConcUrb "Marabá" VB #</Process><Process ToolSource="c:\program files (x86)\arcgis\desktop10.3\ArcToolbox\Toolboxes\Data Management Tools.tbx\CalculateField" Date="20171128" Time="162055">CalculateField AreasUrbanizadas_ConcUrb_total NomConcUrb "Marília" VB #</Process><Process ToolSource="c:\program files (x86)\arcgis\desktop10.3\ArcToolbox\Toolboxes\Data Management Tools.tbx\CalculateField" Date="20171128" Time="162146">CalculateField AreasUrbanizadas_ConcUrb_total NomConcUrb "Mogi Guaçu/Mogi Mirim" VB #</Process><Process ToolSource="c:\program files (x86)\arcgis\desktop10.3\ArcToolbox\Toolboxes\Data Management Tools.tbx\CalculateField" Date="20171128" Time="162209">CalculateField AreasUrbanizadas_ConcUrb_total NomConcUrb "Mossoró" VB #</Process><Process ToolSource="c:\program files (x86)\arcgis\desktop10.3\ArcToolbox\Toolboxes\Data Management Tools.tbx\CalculateField" Date="20171128" Time="162228">CalculateField AreasUrbanizadas_ConcUrb_total NomConcUrb "Muriaé" VB #</Process><Process ToolSource="c:\program files (x86)\arcgis\desktop10.3\ArcToolbox\Toolboxes\Data Management Tools.tbx\CalculateField" Date="20171128" Time="162252">CalculateField AreasUrbanizadas_ConcUrb_total NomConcUrb "Nova Friburgo" VB #</Process><Process ToolSource="c:\program files (x86)\arcgis\desktop10.3\ArcToolbox\Toolboxes\Data Management Tools.tbx\CalculateField" Date="20171128" Time="162316">CalculateField AreasUrbanizadas_ConcUrb_total NomConcUrb "Ourinhos" VB #</Process><Process ToolSource="c:\program files (x86)\arcgis\desktop10.3\ArcToolbox\Toolboxes\Data Management Tools.tbx\CalculateField" Date="20171128" Time="162340">CalculateField AreasUrbanizadas_ConcUrb_total NomConcUrb "Paranaguá" VB #</Process><Process ToolSource="c:\program files (x86)\arcgis\desktop10.3\ArcToolbox\Toolboxes\Data Management Tools.tbx\CalculateField" Date="20171128" Time="162428">CalculateField AreasUrbanizadas_ConcUrb_total NomConcUrb "Parauapebas" VB #</Process><Process ToolSource="c:\program files (x86)\arcgis\desktop10.3\ArcToolbox\Toolboxes\Data Management Tools.tbx\CalculateField" Date="20171128" Time="162447">CalculateField AreasUrbanizadas_ConcUrb_total NomConcUrb "Parintins" VB #</Process><Process ToolSource="c:\program files (x86)\arcgis\desktop10.3\ArcToolbox\Toolboxes\Data Management Tools.tbx\CalculateField" Date="20171128" Time="162507">CalculateField AreasUrbanizadas_ConcUrb_total NomConcUrb "Parnaíba" VB #</Process><Process ToolSource="c:\program files (x86)\arcgis\desktop10.3\ArcToolbox\Toolboxes\Data Management Tools.tbx\CalculateField" Date="20171128" Time="162526">CalculateField AreasUrbanizadas_ConcUrb_total NomConcUrb "Passo Fundo" VB #</Process><Process ToolSource="c:\program files (x86)\arcgis\desktop10.3\ArcToolbox\Toolboxes\Data Management Tools.tbx\CalculateField" Date="20171128" Time="162549">CalculateField AreasUrbanizadas_ConcUrb_total NomConcUrb "Passos" VB #</Process><Process ToolSource="c:\program files (x86)\arcgis\desktop10.3\ArcToolbox\Toolboxes\Data Management Tools.tbx\CalculateField" Date="20171128" Time="162612">CalculateField AreasUrbanizadas_ConcUrb_total NomConcUrb "Patos de Minas" VB #</Process><Process ToolSource="c:\program files (x86)\arcgis\desktop10.3\ArcToolbox\Toolboxes\Data Management Tools.tbx\CalculateField" Date="20171128" Time="162633">CalculateField AreasUrbanizadas_ConcUrb_total NomConcUrb "Patos" VB #</Process><Process ToolSource="c:\program files (x86)\arcgis\desktop10.3\ArcToolbox\Toolboxes\Data Management Tools.tbx\CalculateField" Date="20171128" Time="162651">CalculateField AreasUrbanizadas_ConcUrb_total NomConcUrb "Paulo Afonso" VB #</Process><Process ToolSource="c:\program files (x86)\arcgis\desktop10.3\ArcToolbox\Toolboxes\Data Management Tools.tbx\CalculateField" Date="20171128" Time="162720">CalculateField AreasUrbanizadas_ConcUrb_total NomConcUrb "Poços de Caldas" VB #</Process><Process ToolSource="c:\program files (x86)\arcgis\desktop10.3\ArcToolbox\Toolboxes\Data Management Tools.tbx\CalculateField" Date="20171128" Time="162753">CalculateField AreasUrbanizadas_ConcUrb_total NomConcUrb "Porto Seguro" VB #</Process><Process ToolSource="c:\program files (x86)\arcgis\desktop10.3\ArcToolbox\Toolboxes\Data Management Tools.tbx\CalculateField" Date="20171128" Time="162817">CalculateField AreasUrbanizadas_ConcUrb_total NomConcUrb "Pouso Alegre" VB #</Process><Process ToolSource="c:\program files (x86)\arcgis\desktop10.3\ArcToolbox\Toolboxes\Data Management Tools.tbx\CalculateField" Date="20171128" Time="162836">CalculateField AreasUrbanizadas_ConcUrb_total NomConcUrb "Resende" VB #</Process><Process ToolSource="c:\program files (x86)\arcgis\desktop10.3\ArcToolbox\Toolboxes\Data Management Tools.tbx\CalculateField" Date="20171128" Time="162858">CalculateField AreasUrbanizadas_ConcUrb_total NomConcUrb "Rio Claro" VB #</Process><Process ToolSource="c:\program files (x86)\arcgis\desktop10.3\ArcToolbox\Toolboxes\Data Management Tools.tbx\CalculateField" Date="20171128" Time="162920">CalculateField AreasUrbanizadas_ConcUrb_total NomConcUrb "Rio Grande" VB #</Process><Process ToolSource="c:\program files (x86)\arcgis\desktop10.3\ArcToolbox\Toolboxes\Data Management Tools.tbx\CalculateField" Date="20171128" Time="162953">CalculateField AreasUrbanizadas_ConcUrb_total NomConcUrb "Rio Verde" VB #</Process><Process ToolSource="c:\program files (x86)\arcgis\desktop10.3\ArcToolbox\Toolboxes\Data Management Tools.tbx\CalculateField" Date="20171128" Time="163011">CalculateField AreasUrbanizadas_ConcUrb_total NomConcUrb "Rondonópolis" VB #</Process><Process ToolSource="c:\program files (x86)\arcgis\desktop10.3\ArcToolbox\Toolboxes\Data Management Tools.tbx\CalculateField" Date="20171128" Time="163045">CalculateField AreasUrbanizadas_ConcUrb_total NomConcUrb "Santa Cruz do Sul" VB #</Process><Process ToolSource="c:\program files (x86)\arcgis\desktop10.3\ArcToolbox\Toolboxes\Data Management Tools.tbx\CalculateField" Date="20171128" Time="163107">CalculateField AreasUrbanizadas_ConcUrb_total NomConcUrb "Santa Maria" VB #</Process><Process ToolSource="c:\program files (x86)\arcgis\desktop10.3\ArcToolbox\Toolboxes\Data Management Tools.tbx\CalculateField" Date="20171128" Time="163132">CalculateField AreasUrbanizadas_ConcUrb_total NomConcUrb "Santarém" VB #</Process><Process ToolSource="c:\program files (x86)\arcgis\desktop10.3\ArcToolbox\Toolboxes\Data Management Tools.tbx\CalculateField" Date="20171128" Time="163216">CalculateField AreasUrbanizadas_ConcUrb_total NomConcUrb "São Bento do Sul/Rio Negrinho" VB #</Process><Process ToolSource="c:\program files (x86)\arcgis\desktop10.3\ArcToolbox\Toolboxes\Data Management Tools.tbx\CalculateField" Date="20171128" Time="163246">CalculateField AreasUrbanizadas_ConcUrb_total NomConcUrb "São Carlos" VB #</Process><Process ToolSource="c:\program files (x86)\arcgis\desktop10.3\ArcToolbox\Toolboxes\Data Management Tools.tbx\CalculateField" Date="20171128" Time="163307">CalculateField AreasUrbanizadas_ConcUrb_total NomConcUrb "São João del Rei" VB #</Process><Process ToolSource="c:\program files (x86)\arcgis\desktop10.3\ArcToolbox\Toolboxes\Data Management Tools.tbx\CalculateField" Date="20171128" Time="163350">CalculateField AreasUrbanizadas_ConcUrb_total NomConcUrb "São Mateus" VB #</Process><Process ToolSource="c:\program files (x86)\arcgis\desktop10.3\ArcToolbox\Toolboxes\Data Management Tools.tbx\CalculateField" Date="20171128" Time="163437">CalculateField AreasUrbanizadas_ConcUrb_total NomConcUrb "São Roque/Mairinque/SP" VB #</Process><Process ToolSource="c:\program files (x86)\arcgis\desktop10.3\ArcToolbox\Toolboxes\Data Management Tools.tbx\CalculateField" Date="20171128" Time="163447">CalculateField AreasUrbanizadas_ConcUrb_total NomConcUrb "São Roque/Mairinque" VB #</Process><Process ToolSource="c:\program files (x86)\arcgis\desktop10.3\ArcToolbox\Toolboxes\Data Management Tools.tbx\CalculateField" Date="20171128" Time="163509">CalculateField AreasUrbanizadas_ConcUrb_total NomConcUrb "Sertãozinho" VB #</Process><Process ToolSource="c:\program files (x86)\arcgis\desktop10.3\ArcToolbox\Toolboxes\Data Management Tools.tbx\CalculateField" Date="20171128" Time="163544">CalculateField AreasUrbanizadas_ConcUrb_total NomConcUrb "Sete Lagoas" VB #</Process><Process ToolSource="c:\program files (x86)\arcgis\desktop10.3\ArcToolbox\Toolboxes\Data Management Tools.tbx\CalculateField" Date="20171128" Time="163612">CalculateField AreasUrbanizadas_ConcUrb_total NomConcUrb "Sete Lagoas" VB #</Process><Process ToolSource="c:\program files (x86)\arcgis\desktop10.3\ArcToolbox\Toolboxes\Data Management Tools.tbx\CalculateField" Date="20171128" Time="163630">CalculateField AreasUrbanizadas_ConcUrb_total NomConcUrb "Sinop" VB #</Process><Process ToolSource="c:\program files (x86)\arcgis\desktop10.3\ArcToolbox\Toolboxes\Data Management Tools.tbx\CalculateField" Date="20171128" Time="163742">CalculateField AreasUrbanizadas_ConcUrb_total NomConcUrb "Sobral" VB #</Process><Process ToolSource="c:\program files (x86)\arcgis\desktop10.3\ArcToolbox\Toolboxes\Data Management Tools.tbx\CalculateField" Date="20171128" Time="163820">CalculateField AreasUrbanizadas_ConcUrb_total NomConcUrb "Taquara/Parobé/Igrejinha" VB #</Process><Process ToolSource="c:\program files (x86)\arcgis\desktop10.3\ArcToolbox\Toolboxes\Data Management Tools.tbx\CalculateField" Date="20171128" Time="163857">CalculateField AreasUrbanizadas_ConcUrb_total NomConcUrb "Tatuí" VB #</Process><Process ToolSource="c:\program files (x86)\arcgis\desktop10.3\ArcToolbox\Toolboxes\Data Management Tools.tbx\CalculateField" Date="20171128" Time="163915">CalculateField AreasUrbanizadas_ConcUrb_total NomConcUrb "Teixeira de Freitas" VB #</Process><Process ToolSource="c:\program files (x86)\arcgis\desktop10.3\ArcToolbox\Toolboxes\Data Management Tools.tbx\CalculateField" Date="20171128" Time="163932">CalculateField AreasUrbanizadas_ConcUrb_total NomConcUrb "Teófilo Otoni" VB #</Process><Process ToolSource="c:\program files (x86)\arcgis\desktop10.3\ArcToolbox\Toolboxes\Data Management Tools.tbx\CalculateField" Date="20171128" Time="164002">CalculateField AreasUrbanizadas_ConcUrb_total NomConcUrb "Teresópolis" VB #</Process><Process ToolSource="c:\program files (x86)\arcgis\desktop10.3\ArcToolbox\Toolboxes\Data Management Tools.tbx\CalculateField" Date="20171128" Time="164045">CalculateField AreasUrbanizadas_ConcUrb_total NomConcUrb "Toledo" VB #</Process><Process ToolSource="c:\program files (x86)\arcgis\desktop10.3\ArcToolbox\Toolboxes\Data Management Tools.tbx\CalculateField" Date="20171128" Time="164123">CalculateField AreasUrbanizadas_ConcUrb_total NomConcUrb "Tramandaí/Osório" VB #</Process><Process ToolSource="c:\program files (x86)\arcgis\desktop10.3\ArcToolbox\Toolboxes\Data Management Tools.tbx\CalculateField" Date="20171128" Time="164140">CalculateField AreasUrbanizadas_ConcUrb_total NomConcUrb "Três Lagoas" VB #</Process><Process ToolSource="c:\program files (x86)\arcgis\desktop10.3\ArcToolbox\Toolboxes\Data Management Tools.tbx\CalculateField" Date="20171128" Time="164211">CalculateField AreasUrbanizadas_ConcUrb_total NomConcUrb "Três Rios/Paraíba do Sul" VB #</Process><Process ToolSource="c:\program files (x86)\arcgis\desktop10.3\ArcToolbox\Toolboxes\Data Management Tools.tbx\CalculateField" Date="20171128" Time="164245">CalculateField AreasUrbanizadas_ConcUrb_total NomConcUrb "Tubarão/Laguna" VB #</Process><Process ToolSource="c:\program files (x86)\arcgis\desktop10.3\ArcToolbox\Toolboxes\Data Management Tools.tbx\CalculateField" Date="20171128" Time="164302">CalculateField AreasUrbanizadas_ConcUrb_total NomConcUrb "Ubá" VB #</Process><Process ToolSource="c:\program files (x86)\arcgis\desktop10.3\ArcToolbox\Toolboxes\Data Management Tools.tbx\CalculateField" Date="20171128" Time="164321">CalculateField AreasUrbanizadas_ConcUrb_total NomConcUrb "Uberaba" VB #</Process><Process ToolSource="c:\program files (x86)\arcgis\desktop10.3\ArcToolbox\Toolboxes\Data Management Tools.tbx\CalculateField" Date="20171128" Time="164351">CalculateField AreasUrbanizadas_ConcUrb_total NomConcUrb "Umuarama" VB #</Process><Process ToolSource="c:\program files (x86)\arcgis\desktop10.3\ArcToolbox\Toolboxes\Data Management Tools.tbx\CalculateField" Date="20171128" Time="164406">CalculateField AreasUrbanizadas_ConcUrb_total NomConcUrb "Varginha" VB #</Process><Process ToolSource="c:\program files (x86)\arcgis\desktop10.3\ArcToolbox\Toolboxes\Data Management Tools.tbx\CalculateField" Date="20171128" Time="164430">CalculateField AreasUrbanizadas_ConcUrb_total NomConcUrb "Vitória de Santo Antão" VB #</Process><Process ToolSource="c:\program files (x86)\arcgis\desktop10.3\ArcToolbox\Toolboxes\Data Management Tools.tbx\CalculateField" Date="20171128" Time="164727">CalculateField AreasUrbanizadas_ConcUrb_total NomConcUrb "Jequié" VB #</Process><Process ToolSource="c:\program files (x86)\arcgis\desktop10.3\ArcToolbox\Toolboxes\Data Management Tools.tbx\CalculateField" Date="20171128" Time="171547">CalculateField AreasUrbanizadas_ConcUrb_total CodConcUrb 1100122 VB #</Process><Process ToolSource="c:\program files (x86)\arcgis\desktop10.3\ArcToolbox\Toolboxes\Data Management Tools.tbx\CalculateField" Date="20171128" Time="171611">CalculateField AreasUrbanizadas_ConcUrb_total CodConcUrb 4209300 VB #</Process><Process ToolSource="c:\program files (x86)\arcgis\desktop10.3\ArcToolbox\Toolboxes\Data Management Tools.tbx\CalculateField" Date="20171128" Time="171632">CalculateField AreasUrbanizadas_ConcUrb_total CodConcUrb 4311403 VB #</Process><Process ToolSource="c:\program files (x86)\arcgis\desktop10.3\ArcToolbox\Toolboxes\Data Management Tools.tbx\CalculateField" Date="20171128" Time="171654">CalculateField AreasUrbanizadas_ConcUrb_total CodConcUrb 3138203 VB #</Process><Process ToolSource="c:\program files (x86)\arcgis\desktop10.3\ArcToolbox\Toolboxes\Data Management Tools.tbx\CalculateField" Date="20171128" Time="171734">CalculateField AreasUrbanizadas_ConcUrb_total CodConcUrb 3526902 VB #</Process><Process ToolSource="c:\program files (x86)\arcgis\desktop10.3\ArcToolbox\Toolboxes\Data Management Tools.tbx\CalculateField" Date="20171128" Time="171757">CalculateField AreasUrbanizadas_ConcUrb_total CodConcUrb 3203205 VB #</Process><Process ToolSource="c:\program files (x86)\arcgis\desktop10.3\ArcToolbox\Toolboxes\Data Management Tools.tbx\CalculateField" Date="20171128" Time="171820">CalculateField AreasUrbanizadas_ConcUrb_total CodConcUrb 1504208 VB #</Process><Process ToolSource="c:\program files (x86)\arcgis\desktop10.3\ArcToolbox\Toolboxes\Data Management Tools.tbx\CalculateField" Date="20171128" Time="171843">CalculateField AreasUrbanizadas_ConcUrb_total CodConcUrb 3529005 VB #</Process><Process ToolSource="c:\program files (x86)\arcgis\desktop10.3\ArcToolbox\Toolboxes\Data Management Tools.tbx\CalculateField" Date="20171128" Time="171910">CalculateField AreasUrbanizadas_ConcUrb_total CodConcUrb 3530706 VB #</Process><Process ToolSource="c:\program files (x86)\arcgis\desktop10.3\ArcToolbox\Toolboxes\Data Management Tools.tbx\CalculateField" Date="20171128" Time="171929">CalculateField AreasUrbanizadas_ConcUrb_total CodConcUrb 2408003 VB #</Process><Process ToolSource="c:\program files (x86)\arcgis\desktop10.3\ArcToolbox\Toolboxes\Data Management Tools.tbx\CalculateField" Date="20171128" Time="171947">CalculateField AreasUrbanizadas_ConcUrb_total CodConcUrb 3143906 VB #</Process><Process ToolSource="c:\program files (x86)\arcgis\desktop10.3\ArcToolbox\Toolboxes\Data Management Tools.tbx\CalculateField" Date="20171128" Time="172012">CalculateField AreasUrbanizadas_ConcUrb_total CodConcUrb 3303401 VB #</Process><Process ToolSource="c:\program files (x86)\arcgis\desktop10.3\ArcToolbox\Toolboxes\Data Management Tools.tbx\CalculateField" Date="20171128" Time="172032">CalculateField AreasUrbanizadas_ConcUrb_total CodConcUrb 3534708 VB #</Process><Process ToolSource="c:\program files (x86)\arcgis\desktop10.3\ArcToolbox\Toolboxes\Data Management Tools.tbx\CalculateField" Date="20171128" Time="172054">CalculateField AreasUrbanizadas_ConcUrb_total CodConcUrb 4118204 VB #</Process><Process ToolSource="c:\program files (x86)\arcgis\desktop10.3\ArcToolbox\Toolboxes\Data Management Tools.tbx\CalculateField" Date="20171128" Time="172118">CalculateField AreasUrbanizadas_ConcUrb_total CodConcUrb 1505536 VB #</Process><Process ToolSource="c:\program files (x86)\arcgis\desktop10.3\ArcToolbox\Toolboxes\Data Management Tools.tbx\CalculateField" Date="20171128" Time="172143">CalculateField AreasUrbanizadas_ConcUrb_total CodConcUrb 1303403 VB #</Process><Process ToolSource="c:\program files (x86)\arcgis\desktop10.3\ArcToolbox\Toolboxes\Data Management Tools.tbx\CalculateField" Date="20171128" Time="172208">CalculateField AreasUrbanizadas_ConcUrb_total CodConcUrb 2207702 VB #</Process><Process ToolSource="c:\program files (x86)\arcgis\desktop10.3\ArcToolbox\Toolboxes\Data Management Tools.tbx\CalculateField" Date="20171128" Time="172241">CalculateField AreasUrbanizadas_ConcUrb_total CodConcUrb 4314100 VB #</Process><Process ToolSource="c:\program files (x86)\arcgis\desktop10.3\ArcToolbox\Toolboxes\Data Management Tools.tbx\CalculateField" Date="20171128" Time="172258">CalculateField AreasUrbanizadas_ConcUrb_total CodConcUrb 3147907 VB #</Process><Process ToolSource="c:\program files (x86)\arcgis\desktop10.3\ArcToolbox\Toolboxes\Data Management Tools.tbx\CalculateField" Date="20171128" Time="172423">CalculateField AreasUrbanizadas_ConcUrb_total CodConcUrb 2510808 VB #</Process><Process ToolSource="c:\program files (x86)\arcgis\desktop10.3\ArcToolbox\Toolboxes\Data Management Tools.tbx\CalculateField" Date="20171128" Time="172453">CalculateField AreasUrbanizadas_ConcUrb_total CodConcUrb 3148004 VB #</Process><Process ToolSource="c:\program files (x86)\arcgis\desktop10.3\ArcToolbox\Toolboxes\Data Management Tools.tbx\CalculateField" Date="20171128" Time="172547">CalculateField AreasUrbanizadas_ConcUrb_total CodConcUrb 2924009 VB #</Process><Process ToolSource="c:\program files (x86)\arcgis\desktop10.3\ArcToolbox\Toolboxes\Data Management Tools.tbx\CalculateField" Date="20171128" Time="172650">CalculateField AreasUrbanizadas_ConcUrb_total CodConcUrb 3151800 VB #</Process><Process ToolSource="c:\program files (x86)\arcgis\desktop10.3\ArcToolbox\Toolboxes\Data Management Tools.tbx\CalculateField" Date="20171128" Time="172714">CalculateField AreasUrbanizadas_ConcUrb_total CodConcUrb 2925303 VB #</Process><Process ToolSource="c:\program files (x86)\arcgis\desktop10.3\ArcToolbox\Toolboxes\Data Management Tools.tbx\CalculateField" Date="20171128" Time="172746">CalculateField AreasUrbanizadas_ConcUrb_total CodConcUrb 3152501 VB #</Process><Process ToolSource="c:\program files (x86)\arcgis\desktop10.3\ArcToolbox\Toolboxes\Data Management Tools.tbx\CalculateField" Date="20171128" Time="172809">CalculateField AreasUrbanizadas_ConcUrb_total CodConcUrb 3304201 VB #</Process><Process ToolSource="c:\program files (x86)\arcgis\desktop10.3\ArcToolbox\Toolboxes\Data Management Tools.tbx\CalculateField" Date="20171128" Time="172827">CalculateField AreasUrbanizadas_ConcUrb_total CodConcUrb 3543907 VB #</Process><Process ToolSource="c:\program files (x86)\arcgis\desktop10.3\ArcToolbox\Toolboxes\Data Management Tools.tbx\CalculateField" Date="20171128" Time="172846">CalculateField AreasUrbanizadas_ConcUrb_total CodConcUrb 4315602 VB #</Process><Process ToolSource="c:\program files (x86)\arcgis\desktop10.3\ArcToolbox\Toolboxes\Data Management Tools.tbx\CalculateField" Date="20171128" Time="172914">CalculateField AreasUrbanizadas_ConcUrb_total CodConcUrb 5218805 VB #</Process><Process ToolSource="c:\program files (x86)\arcgis\desktop10.3\ArcToolbox\Toolboxes\Data Management Tools.tbx\CalculateField" Date="20171128" Time="172933">CalculateField AreasUrbanizadas_ConcUrb_total CodConcUrb 5107602 VB #</Process><Process ToolSource="c:\program files (x86)\arcgis\desktop10.3\ArcToolbox\Toolboxes\Data Management Tools.tbx\CalculateField" Date="20171128" Time="172957">CalculateField AreasUrbanizadas_ConcUrb_total CodConcUrb 4316808 VB #</Process><Process ToolSource="c:\program files (x86)\arcgis\desktop10.3\ArcToolbox\Toolboxes\Data Management Tools.tbx\CalculateField" Date="20171128" Time="173034">CalculateField AreasUrbanizadas_ConcUrb_total CodConcUrb 4316907 VB #</Process><Process ToolSource="c:\program files (x86)\arcgis\desktop10.3\ArcToolbox\Toolboxes\Data Management Tools.tbx\CalculateField" Date="20171128" Time="173057">CalculateField AreasUrbanizadas_ConcUrb_total CodConcUrb 1506807 VB #</Process><Process ToolSource="c:\program files (x86)\arcgis\desktop10.3\ArcToolbox\Toolboxes\Data Management Tools.tbx\CalculateField" Date="20171128" Time="173118">CalculateField AreasUrbanizadas_ConcUrb_total CodConcUrb 4215802 VB #</Process><Process ToolSource="c:\program files (x86)\arcgis\desktop10.3\ArcToolbox\Toolboxes\Data Management Tools.tbx\CalculateField" Date="20171128" Time="173140">CalculateField AreasUrbanizadas_ConcUrb_total CodConcUrb 3548906 VB #</Process><Process ToolSource="c:\program files (x86)\arcgis\desktop10.3\ArcToolbox\Toolboxes\Data Management Tools.tbx\CalculateField" Date="20171128" Time="173202">CalculateField AreasUrbanizadas_ConcUrb_total CodConcUrb 3162500 VB #</Process><Process ToolSource="c:\program files (x86)\arcgis\desktop10.3\ArcToolbox\Toolboxes\Data Management Tools.tbx\CalculateField" Date="20171128" Time="173421">CalculateField AreasUrbanizadas_ConcUrb_total NomConcUrb "São Mateus" VB #</Process><Process ToolSource="c:\program files (x86)\arcgis\desktop10.3\ArcToolbox\Toolboxes\Data Management Tools.tbx\CalculateField" Date="20171128" Time="173440">CalculateField AreasUrbanizadas_ConcUrb_total CodConcUrb 3204906 VB #</Process><Process ToolSource="c:\program files (x86)\arcgis\desktop10.3\ArcToolbox\Toolboxes\Data Management Tools.tbx\CalculateField" Date="20171128" Time="173556">CalculateField AreasUrbanizadas_ConcUrb_total CodConcUrb 3550605 VB #</Process><Process ToolSource="c:\program files (x86)\arcgis\desktop10.3\ArcToolbox\Toolboxes\Data Management Tools.tbx\CalculateField" Date="20171128" Time="173636">CalculateField AreasUrbanizadas_ConcUrb_total CodConcUrb 3551702 VB #</Process><Process ToolSource="c:\program files (x86)\arcgis\desktop10.3\ArcToolbox\Toolboxes\Data Management Tools.tbx\CalculateField" Date="20171128" Time="173658">CalculateField AreasUrbanizadas_ConcUrb_total CodConcUrb 3167202 VB #</Process><Process ToolSource="c:\program files (x86)\arcgis\desktop10.3\ArcToolbox\Toolboxes\Data Management Tools.tbx\CalculateField" Date="20171128" Time="173733">CalculateField AreasUrbanizadas_ConcUrb_total CodConcUrb 5107909 VB #</Process><Process ToolSource="c:\program files (x86)\arcgis\desktop10.3\ArcToolbox\Toolboxes\Data Management Tools.tbx\CalculateField" Date="20171128" Time="173757">CalculateField AreasUrbanizadas_ConcUrb_total CodConcUrb 2312908 VB #</Process><Process ToolSource="c:\program files (x86)\arcgis\desktop10.3\ArcToolbox\Toolboxes\Data Management Tools.tbx\CalculateField" Date="20171128" Time="173821">CalculateField AreasUrbanizadas_ConcUrb_total CodConcUrb 4321204 VB #</Process><Process ToolSource="c:\program files (x86)\arcgis\desktop10.3\ArcToolbox\Toolboxes\Data Management Tools.tbx\CalculateField" Date="20171128" Time="173839">CalculateField AreasUrbanizadas_ConcUrb_total CodConcUrb 3554003 VB #</Process><Process ToolSource="c:\program files (x86)\arcgis\desktop10.3\ArcToolbox\Toolboxes\Data Management Tools.tbx\CalculateField" Date="20171128" Time="173856">CalculateField AreasUrbanizadas_ConcUrb_total CodConcUrb 2931350 VB #</Process><Process ToolSource="c:\program files (x86)\arcgis\desktop10.3\ArcToolbox\Toolboxes\Data Management Tools.tbx\CalculateField" Date="20171128" Time="173913">CalculateField AreasUrbanizadas_ConcUrb_total CodConcUrb 3168606 VB #</Process><Process ToolSource="c:\program files (x86)\arcgis\desktop10.3\ArcToolbox\Toolboxes\Data Management Tools.tbx\CalculateField" Date="20171128" Time="173930">CalculateField AreasUrbanizadas_ConcUrb_total CodConcUrb 3305802 VB #</Process><Process ToolSource="c:\program files (x86)\arcgis\desktop10.3\ArcToolbox\Toolboxes\Data Management Tools.tbx\CalculateField" Date="20171128" Time="173947">CalculateField AreasUrbanizadas_ConcUrb_total CodConcUrb 4127700 VB #</Process><Process ToolSource="c:\program files (x86)\arcgis\desktop10.3\ArcToolbox\Toolboxes\Data Management Tools.tbx\CalculateField" Date="20171128" Time="174006">CalculateField AreasUrbanizadas_ConcUrb_total CodConcUrb 4321600 VB #</Process><Process ToolSource="c:\program files (x86)\arcgis\desktop10.3\ArcToolbox\Toolboxes\Data Management Tools.tbx\CalculateField" Date="20171128" Time="174033">CalculateField AreasUrbanizadas_ConcUrb_total CodConcUrb 5008305 VB #</Process><Process ToolSource="c:\program files (x86)\arcgis\desktop10.3\ArcToolbox\Toolboxes\Data Management Tools.tbx\CalculateField" Date="20171128" Time="174056">CalculateField AreasUrbanizadas_ConcUrb_total CodConcUrb 3306008 VB #</Process><Process ToolSource="c:\program files (x86)\arcgis\desktop10.3\ArcToolbox\Toolboxes\Data Management Tools.tbx\CalculateField" Date="20171128" Time="174115">CalculateField AreasUrbanizadas_ConcUrb_total CodConcUrb 4218707 VB #</Process><Process ToolSource="c:\program files (x86)\arcgis\desktop10.3\ArcToolbox\Toolboxes\Data Management Tools.tbx\CalculateField" Date="20171128" Time="174133">CalculateField AreasUrbanizadas_ConcUrb_total CodConcUrb 3169901 VB #</Process><Process ToolSource="c:\program files (x86)\arcgis\desktop10.3\ArcToolbox\Toolboxes\Data Management Tools.tbx\CalculateField" Date="20171128" Time="174154">CalculateField AreasUrbanizadas_ConcUrb_total CodConcUrb 3170107 VB #</Process><Process ToolSource="c:\program files (x86)\arcgis\desktop10.3\ArcToolbox\Toolboxes\Data Management Tools.tbx\CalculateField" Date="20171128" Time="174212">CalculateField AreasUrbanizadas_ConcUrb_total CodConcUrb 4128104 VB #</Process><Process ToolSource="c:\program files (x86)\arcgis\desktop10.3\ArcToolbox\Toolboxes\Data Management Tools.tbx\CalculateField" Date="20171128" Time="174229">CalculateField AreasUrbanizadas_ConcUrb_total CodConcUrb 3170701 VB #</Process><Process ToolSource="c:\program files (x86)\arcgis\desktop10.3\ArcToolbox\Toolboxes\Data Management Tools.tbx\CalculateField" Date="20171128" Time="174258">CalculateField AreasUrbanizadas_ConcUrb_total CodConcUrb 2616407 VB #</Process><Process ToolSource="c:\program files (x86)\arcgis\desktop10.3\ArcToolbox\Toolboxes\Data Management Tools.tbx\CalculateField" Date="20171129" Time="144808">CalculateField AreasUrbanizadas_ConcUrb_total UF "RO" VB #</Process><Process ToolSource="c:\program files (x86)\arcgis\desktop10.3\ArcToolbox\Toolboxes\Data Management Tools.tbx\CalculateField" Date="20171129" Time="144847">CalculateField AreasUrbanizadas_ConcUrb_total UF "AM" VB #</Process><Process ToolSource="c:\program files (x86)\arcgis\desktop10.3\ArcToolbox\Toolboxes\Data Management Tools.tbx\CalculateField" Date="20171129" Time="165330">CalculateField AreasUrbanizadas_ConcUrb_total UF PA VB #</Process><Process ToolSource="c:\program files (x86)\arcgis\desktop10.3\ArcToolbox\Toolboxes\Data Management Tools.tbx\CalculateField" Date="20171129" Time="165343">CalculateField AreasUrbanizadas_ConcUrb_total UF "PA" VB #</Process><Process ToolSource="c:\program files (x86)\arcgis\desktop10.3\ArcToolbox\Toolboxes\Data Management Tools.tbx\CalculateField" Date="20171129" Time="165434">CalculateField AreasUrbanizadas_ConcUrb_total UF "TO" VB #</Process><Process ToolSource="c:\program files (x86)\arcgis\desktop10.3\ArcToolbox\Toolboxes\Data Management Tools.tbx\CalculateField" Date="20171129" Time="165546">CalculateField AreasUrbanizadas_ConcUrb_total UF "PI" VB #</Process><Process ToolSource="c:\program files (x86)\arcgis\desktop10.3\ArcToolbox\Toolboxes\Data Management Tools.tbx\CalculateField" Date="20171129" Time="165651">CalculateField AreasUrbanizadas_ConcUrb_total UF "PB" VB #</Process><Process ToolSource="c:\program files (x86)\arcgis\desktop10.3\ArcToolbox\Toolboxes\Data Management Tools.tbx\CalculateField" Date="20171129" Time="165723">CalculateField AreasUrbanizadas_ConcUrb_total UF "RN" VB #</Process><Process ToolSource="c:\program files (x86)\arcgis\desktop10.3\ArcToolbox\Toolboxes\Data Management Tools.tbx\CalculateField" Date="20171129" Time="165801">CalculateField AreasUrbanizadas_ConcUrb_total UF "PB" VB #</Process><Process ToolSource="c:\program files (x86)\arcgis\desktop10.3\ArcToolbox\Toolboxes\Data Management Tools.tbx\CalculateField" Date="20171129" Time="170053">CalculateField AreasUrbanizadas_ConcUrb_total UF "PE" VB #</Process><Process ToolSource="c:\program files (x86)\arcgis\desktop10.3\ArcToolbox\Toolboxes\Data Management Tools.tbx\CalculateField" Date="20171129" Time="170215">CalculateField AreasUrbanizadas_ConcUrb_total UF "CE" VB #</Process><Process ToolSource="c:\program files (x86)\arcgis\desktop10.3\ArcToolbox\Toolboxes\Data Management Tools.tbx\CalculateField" Date="20171129" Time="170344">CalculateField AreasUrbanizadas_ConcUrb_total UF "AL" VB #</Process><Process ToolSource="c:\program files (x86)\arcgis\desktop10.3\ArcToolbox\Toolboxes\Data Management Tools.tbx\CalculateField" Date="20171129" Time="170536">CalculateField AreasUrbanizadas_ConcUrb_total UF "GO" VB #</Process><Process ToolSource="c:\program files (x86)\arcgis\desktop10.3\ArcToolbox\Toolboxes\Data Management Tools.tbx\CalculateField" Date="20171129" Time="170736">CalculateField AreasUrbanizadas_ConcUrb_total UF "MT" VB #</Process><Process ToolSource="c:\program files (x86)\arcgis\desktop10.3\ArcToolbox\Toolboxes\Data Management Tools.tbx\CalculateField" Date="20171129" Time="171151">CalculateField AreasUrbanizadas_ConcUrb_total UF "BA" VB #</Process><Process ToolSource="c:\program files (x86)\arcgis\desktop10.3\ArcToolbox\Toolboxes\Data Management Tools.tbx\CalculateField" Date="20171129" Time="171431">CalculateField AreasUrbanizadas_ConcUrb_total UF "ES" VB #</Process><Process ToolSource="c:\program files (x86)\arcgis\desktop10.3\ArcToolbox\Toolboxes\Data Management Tools.tbx\CalculateField" Date="20171129" Time="171640">CalculateField AreasUrbanizadas_ConcUrb_total UF "RJ" VB #</Process><Process ToolSource="c:\program files (x86)\arcgis\desktop10.3\ArcToolbox\Toolboxes\Data Management Tools.tbx\CalculateField" Date="20171129" Time="172507">CalculateField AreasUrbanizadas_ConcUrb_total UF "SP" VB #</Process><Process ToolSource="c:\program files (x86)\arcgis\desktop10.3\ArcToolbox\Toolboxes\Data Management Tools.tbx\CalculateField" Date="20171129" Time="172806">CalculateField AreasUrbanizadas_ConcUrb_total UF "PR" VB #</Process><Process ToolSource="c:\program files (x86)\arcgis\desktop10.3\ArcToolbox\Toolboxes\Data Management Tools.tbx\CalculateField" Date="20171129" Time="173108">CalculateField AreasUrbanizadas_ConcUrb_total UF "SC" VB #</Process><Process ToolSource="c:\program files (x86)\arcgis\desktop10.3\ArcToolbox\Toolboxes\Data Management Tools.tbx\CalculateField" Date="20171129" Time="174039">CalculateField AreasUrbanizadas_ConcUrb_total UF "RS" VB #</Process><Process ToolSource="c:\program files (x86)\arcgis\desktop10.3\ArcToolbox\Toolboxes\Data Management Tools.tbx\CalculateField" Date="20171129" Time="174220">CalculateField AreasUrbanizadas_ConcUrb_total UF "MS" VB #</Process><Process ToolSource="c:\program files (x86)\arcgis\desktop10.3\ArcToolbox\Toolboxes\Data Management Tools.tbx\CalculateField" Date="20171129" Time="174414">CalculateField AreasUrbanizadas_ConcUrb_total UF "MA" VB #</Process><Process ToolSource="c:\program files (x86)\arcgis\desktop10.3\ArcToolbox\Toolboxes\Data Management Tools.tbx\CalculateField" Date="20171129" Time="174512">CalculateField AreasUrbanizadas_ConcUrb_total NomConcUrb "Imperatriz" VB #</Process><Process ToolSource="c:\program files (x86)\arcgis\desktop10.3\ArcToolbox\Toolboxes\Data Management Tools.tbx\CalculateField" Date="20171129" Time="175007">CalculateField AreasUrbanizadas_ConcUrb_total UF "PA" VB #</Process><Process ToolSource="c:\program files (x86)\arcgis\desktop10.3\ArcToolbox\Toolboxes\Data Management Tools.tbx\CalculateField" Date="20171129" Time="175137">CalculateField AreasUrbanizadas_ConcUrb_total UF "MG" VB #</Process><Process ToolSource="c:\program files (x86)\arcgis\desktop10.3\ArcToolbox\Toolboxes\Data Management Tools.tbx\CalculateField" Date="20171130" Time="100945">CalculateField AreasUrbanizadas_ConcUrb_total Tipo "Área urbanizada" VB #</Process></lineage></DataProperties><SyncDate>20171128</SyncDate><SyncTime>10495900</SyncTime><ModDate>20171128</ModDate><ModTime>10495900</ModTime></Esri><dataIdInfo><envirDesc Sync="TRUE"> Version 6.2 (Build 9200) ; Esri ArcGIS 10.3.0.4322</envirDesc><dataLang><languageCode value="por" Sync="TRUE"></languageCode><countryCode value="BRA" Sync="TRUE"></countryCode></dataLang><idCitation><resTitle Sync="TRUE">AreasUrbanizadas_ConcUrb_total</resTitle><presForm><PresFormCd value="005" Sync="TRUE"></PresFormCd></presForm></idCitation><spatRpType><SpatRepTypCd value="001" Sync="TRUE"></SpatRepTypCd></spatRpType></dataIdInfo><mdLang><languageCode value="por" Sync="TRUE"></languageCode><countryCode value="BRA" Sync="TRUE"></countryCode></mdLang><mdChar><CharSetCd value="004" Sync="TRUE"></CharSetCd></mdChar><distInfo><distFormat><formatName Sync="TRUE">Shapefile</formatName></distFormat><distTranOps><transSize Sync="TRUE">0.000</transSize></distTranOps></distInfo><mdHrLv><ScopeCd value="005" Sync="TRUE"></ScopeCd></mdHrLv><mdHrLvName Sync="TRUE">dataset</mdHrLvName><refSysInfo><RefSystem><refSysID><identCode code="4674" Sync="TRUE"></identCode><idCodeSpace Sync="TRUE">EPSG</idCodeSpace><idVersion Sync="TRUE">8.2.6</idVersion></refSysID></RefSystem></refSysInfo><spatRepInfo><VectSpatRep><geometObjs Name="AreasUrbanizadas_ConcUrb_total"><geoObjTyp><GeoObjTypCd value="002" Sync="TRUE"></GeoObjTypCd></geoObjTyp><geoObjCnt Sync="TRUE">0</geoObjCnt></geometObjs><topLvl><TopoLevCd value="001" Sync="TRUE"></TopoLevCd></topLvl></VectSpatRep></spatRepInfo><spdoinfo><ptvctinf><esriterm Name="AreasUrbanizadas_ConcUrb_total"><efeatyp Sync="TRUE">Simple</efeatyp><efeageom code="4" Sync="TRUE"></efeageom><esritopo Sync="TRUE">FALSE</esritopo><efeacnt Sync="TRUE">0</efeacnt><spindex Sync="TRUE">FALSE</spindex><linrefer Sync="TRUE">FALSE</linrefer></esriterm></ptvctinf></spdoinfo><eainfo><detailed Name="AreasUrbanizadas_ConcUrb_total"><enttyp><enttypl Sync="TRUE">AreasUrbanizadas_ConcUrb_total</enttypl><enttypt Sync="TRUE">Feature Class</enttypt><enttypc Sync="TRUE">0</enttypc></enttyp><attr><attrlabl Sync="TRUE">FID</attrlabl><attalias Sync="TRUE">FID</attalias><attrtype Sync="TRUE">OID</attrtype><attwidth Sync="TRUE">4</attwidth><atprecis Sync="TRUE">0</atprecis><attscale Sync="TRUE">0</attscale><attrdef Sync="TRUE">Internal feature number.</attrdef><attrdefs Sync="TRUE">Esri</attrdefs><attrdomv><udom Sync="TRUE">Sequential unique whole numbers that are automatically generated.</udom></attrdomv></attr><attr><attrlabl Sync="TRUE">Shape</attrlabl><attalias Sync="TRUE">Shape</attalias><attrtype Sync="TRUE">Geometry</attrtype><attwidth Sync="TRUE">0</attwidth><atprecis Sync="TRUE">0</atprecis><attscale Sync="TRUE">0</attscale><attrdef Sync="TRUE">Feature geometry.</attrdef><attrdefs Sync="TRUE">Esri</attrdefs><attrdomv><udom Sync="TRUE">Coordinates defining the features.</udom></attrdomv></attr><attr><attrlabl Sync="TRUE">Id</attrlabl><attalias Sync="TRUE">Id</attalias><attrtype Sync="TRUE">Integer</attrtype><attwidth Sync="TRUE">10</attwidth><atprecis Sync="TRUE">10</atprecis><attscale Sync="TRUE">0</attscale></attr><attr><attrlabl Sync="TRUE">Densidade</attrlabl><attalias Sync="TRUE">Densidade</attalias><attrtype Sync="TRUE">String</attrtype><attwidth Sync="TRUE">50</attwidth><atprecis Sync="TRUE">0</atprecis><attscale Sync="TRUE">0</attscale></attr><attr><attrlabl Sync="TRUE">Tipo</attrlabl><attalias Sync="TRUE">Tipo</attalias><attrtype Sync="TRUE">String</attrtype><attwidth Sync="TRUE">50</attwidth><atprecis Sync="TRUE">0</atprecis><attscale Sync="TRUE">0</attscale></attr><attr><attrlabl Sync="TRUE">Shape_Leng</attrlabl><attalias Sync="TRUE">Shape_Leng</attalias><attrtype Sync="TRUE">Double</attrtype><attwidth Sync="TRUE">19</attwidth><atprecis Sync="TRUE">0</atprecis><attscale Sync="TRUE">0</attscale></attr><attr><attrlabl Sync="TRUE">Shape_Area</attrlabl><attalias Sync="TRUE">Shape_Area</attalias><attrtype Sync="TRUE">Double</attrtype><attwidth Sync="TRUE">19</attwidth><atprecis Sync="TRUE">0</atprecis><attscale Sync="TRUE">0</attscale><attrdef Sync="TRUE">Area of feature in internal units squared.</attrdef><attrdefs Sync="TRUE">Esri</attrdefs><attrdomv><udom Sync="TRUE">Positive real numbers that are automatically generated.</udom></attrdomv></attr></detailed></eainfo><mdDateSt Sync="TRUE">20171128</mdDateSt></metadata>
